org_rel_nef,use,expected_subdir,basename,found_count,status,copied_or_sources
16r/gimmel/26.7/DSC_0090.NEF,1,16r/gimmel/26.7,DSC_0090,1,FOUND_ONE,/deltos/e/lesion_phes/code/python/pipeline/segmentors_backbones/DSC_0090_segment_1_segmented_smoothed.tif
16r/gimmel/26.7/DSC_0091.NEF,1,16r/gimmel/26.7,DSC_0091,1,FOUND_ONE,/deltos/e/lesion_phes/code/python/pipeline/segmentors_backbones/DSC_0091_segment_1_segmented_smoothed.tif
16r/gimmel/26.7/DSC_0092.NEF,1,16r/gimmel/26.7,DSC_0092,1,FOUND_ONE,/deltos/e/lesion_phes/code/python/pipeline/segmentors_backbones/DSC_0092_segment_1_segmented_smoothed.tif
16r/gimmel/26.7/DSC_0093.NEF,1,16r/gimmel/26.7,DSC_0093,1,FOUND_ONE,/deltos/e/lesion_phes/code/python/pipeline/segmentors_backbones/DSC_0093_segment_1_segmented_smoothed.tif
16r/gimmel/26.7/DSC_0094.NEF,1,16r/gimmel/26.7,DSC_0094,1,FOUND_ONE,/deltos/e/lesion_phes/code/python/pipeline/segmentors_backbones/DSC_0094_segment_1_segmented_smoothed.tif
16r/gimmel/26.7/DSC_0096.NEF,1,16r/gimmel/26.7,DSC_0096,1,FOUND_ONE,/deltos/e/lesion_phes/code/python/pipeline/segmentors_backbones/DSC_0096_segment_1_segmented_smoothed.tif
16r/gimmel/26.7/DSC_0099.NEF,1,16r/gimmel/26.7,DSC_0099,1,FOUND_ONE,/deltos/e/lesion_phes/code/python/pipeline/segmentors_backbones/DSC_0099_segment_1_segmented_smoothed.tif
16r/gimmel/26.7/DSC_0100.NEF,1,16r/gimmel/26.7,DSC_0100,1,FOUND_ONE,/deltos/e/lesion_phes/code/python/pipeline/segmentors_backbones/DSC_0100_segment_1_segmented_smoothed.tif
16r/gimmel/26.7/DSC_0102.NEF,1,16r/gimmel/26.7,DSC_0102,1,FOUND_ONE,/deltos/e/lesion_phes/code/python/pipeline/segmentors_backbones/DSC_0102_segment_1_segmented_smoothed.tif
16r/gimmel/26.7/DSC_0103.NEF,1,16r/gimmel/26.7,DSC_0103,1,FOUND_ONE,/deltos/e/lesion_phes/code/python/pipeline/segmentors_backbones/DSC_0103_segment_1_segmented_smoothed.tif
16r/gimmel/26.7/DSC_0105.NEF,1,16r/gimmel/26.7,DSC_0105,1,FOUND_ONE,/deltos/e/lesion_phes/code/python/pipeline/segmentors_backbones/DSC_0105_segment_1_segmented_smoothed.tif
16r/gimmel/26.7/DSC_0106.NEF,1,16r/gimmel/26.7,DSC_0106,1,FOUND_ONE,/deltos/e/lesion_phes/code/python/pipeline/segmentors_backbones/DSC_0106_segment_1_segmented_smoothed.tif
16r/gimmel/26.7/DSC_0107.NEF,1,16r/gimmel/26.7,DSC_0107,1,FOUND_ONE,/deltos/e/lesion_phes/code/python/pipeline/segmentors_backbones/DSC_0107_segment_1_segmented_smoothed.tif
16r/gimmel/26.7/DSC_0108.NEF,1,16r/gimmel/26.7,DSC_0108,1,FOUND_ONE,/deltos/e/lesion_phes/code/python/pipeline/segmentors_backbones/DSC_0108_segment_1_segmented_smoothed.tif
16r/gimmel/26.7/DSC_0109.NEF,1,16r/gimmel/26.7,DSC_0109,1,FOUND_ONE,/deltos/e/lesion_phes/code/python/pipeline/segmentors_backbones/DSC_0109_segment_1_segmented_smoothed.tif
16r/gimmel/26.7/DSC_0110.NEF,1,16r/gimmel/26.7,DSC_0110,1,FOUND_ONE,/deltos/e/lesion_phes/code/python/pipeline/segmentors_backbones/DSC_0110_segment_1_segmented_smoothed.tif
16r/gimmel/26.7/DSC_0111.NEF,1,16r/gimmel/26.7,DSC_0111,1,FOUND_ONE,/deltos/e/lesion_phes/code/python/pipeline/segmentors_backbones/DSC_0111_segment_1_segmented_smoothed.tif
16r/gimmel/26.7/DSC_0112.NEF,1,16r/gimmel/26.7,DSC_0112,1,FOUND_ONE,/deltos/e/lesion_phes/code/python/pipeline/segmentors_backbones/DSC_0112_segment_1_segmented_smoothed.tif
16r/gimmel/26.7/DSC_0113.NEF,1,16r/gimmel/26.7,DSC_0113,1,FOUND_ONE,/deltos/e/lesion_phes/code/python/pipeline/segmentors_backbones/DSC_0113_segment_1_segmented_smoothed.tif
16r/gimmel/26.7/DSC_0114.NEF,1,16r/gimmel/26.7,DSC_0114,1,FOUND_ONE,/deltos/e/lesion_phes/code/python/pipeline/segmentors_backbones/DSC_0114_segment_1_segmented_smoothed.tif
16r/gimmel/26.7/DSC_0118.NEF,1,16r/gimmel/26.7,DSC_0118,1,FOUND_ONE,/deltos/e/lesion_phes/code/python/pipeline/segmentors_backbones/DSC_0118_segment_1_segmented_smoothed.tif
16r/gimmel/26.7/DSC_0119.NEF,1,16r/gimmel/26.7,DSC_0119,1,FOUND_ONE,/deltos/e/lesion_phes/code/python/pipeline/segmentors_backbones/DSC_0119_segment_1_segmented_smoothed.tif
16r/gimmel/26.7/DSC_0120.NEF,1,16r/gimmel/26.7,DSC_0120,1,FOUND_ONE,/deltos/e/lesion_phes/code/python/pipeline/segmentors_backbones/DSC_0120_segment_1_segmented_smoothed.tif
16r/gimmel/26.7/DSC_0121.NEF,1,16r/gimmel/26.7,DSC_0121,1,FOUND_ONE,/deltos/e/lesion_phes/code/python/pipeline/segmentors_backbones/DSC_0121_segment_1_segmented_smoothed.tif
16r/gimmel/26.7/DSC_0122.NEF,1,16r/gimmel/26.7,DSC_0122,1,FOUND_ONE,/deltos/e/lesion_phes/code/python/pipeline/segmentors_backbones/DSC_0122_segment_1_segmented_smoothed.tif
16r/gimmel/26.7/DSC_0127.NEF,1,16r/gimmel/26.7,DSC_0127,1,FOUND_ONE,/deltos/e/lesion_phes/code/python/pipeline/segmentors_backbones/DSC_0127_segment_1_segmented_smoothed.tif
16r/gimmel/26.7/DSC_0128.NEF,1,16r/gimmel/26.7,DSC_0128,1,FOUND_ONE,/deltos/e/lesion_phes/code/python/pipeline/segmentors_backbones/DSC_0128_segment_1_segmented_smoothed.tif
16r/gimmel/26.7/DSC_0129.NEF,1,16r/gimmel/26.7,DSC_0129,1,FOUND_ONE,/deltos/e/lesion_phes/code/python/pipeline/segmentors_backbones/DSC_0129_segment_1_segmented_smoothed.tif
16r/gimmel/26.7/DSC_0130.NEF,1,16r/gimmel/26.7,DSC_0130,1,FOUND_ONE,/deltos/e/lesion_phes/code/python/pipeline/segmentors_backbones/DSC_0130_segment_1_segmented_smoothed.tif
16r/gimmel/26.7/DSC_0132.NEF,1,16r/gimmel/26.7,DSC_0132,1,FOUND_ONE,/deltos/e/lesion_phes/code/python/pipeline/segmentors_backbones/DSC_0132_segment_1_segmented_smoothed.tif
16r/gimmel/26.7/DSC_0133.NEF,1,16r/gimmel/26.7,DSC_0133,1,FOUND_ONE,/deltos/e/lesion_phes/code/python/pipeline/segmentors_backbones/DSC_0133_segment_1_segmented_smoothed.tif
16r/gimmel/26.7/DSC_0134.NEF,1,16r/gimmel/26.7,DSC_0134,1,FOUND_ONE,/deltos/e/lesion_phes/code/python/pipeline/segmentors_backbones/DSC_0134_segment_1_segmented_smoothed.tif
16r/gimmel/26.7/DSC_0135.NEF,1,16r/gimmel/26.7,DSC_0135,1,FOUND_ONE,/deltos/e/lesion_phes/code/python/pipeline/segmentors_backbones/DSC_0135_segment_1_segmented_smoothed.tif
16r/gimmel/26.7/DSC_0137.NEF,1,16r/gimmel/26.7,DSC_0137,1,FOUND_ONE,/deltos/e/lesion_phes/code/python/pipeline/segmentors_backbones/DSC_0137_segment_1_segmented_smoothed.tif
16r/gimmel/26.7/DSC_0138.NEF,1,16r/gimmel/26.7,DSC_0138,1,FOUND_ONE,/deltos/e/lesion_phes/code/python/pipeline/segmentors_backbones/DSC_0138_segment_1_segmented_smoothed.tif
16r/gimmel/26.7/DSC_0139.NEF,1,16r/gimmel/26.7,DSC_0139,1,FOUND_ONE,/deltos/e/lesion_phes/code/python/pipeline/segmentors_backbones/DSC_0139_segment_1_segmented_smoothed.tif
16r/gimmel/26.7/DSC_0140.NEF,1,16r/gimmel/26.7,DSC_0140,1,FOUND_ONE,/deltos/e/lesion_phes/code/python/pipeline/segmentors_backbones/DSC_0140_segment_1_segmented_smoothed.tif
16r/gimmel/26.7/DSC_0141.NEF,1,16r/gimmel/26.7,DSC_0141,1,FOUND_ONE,/deltos/e/lesion_phes/code/python/pipeline/segmentors_backbones/DSC_0141_segment_1_segmented_smoothed.tif
16r/gimmel/27.7/DSC_0142.NEF,1,16r/gimmel/27.7,DSC_0142,1,FOUND_ONE,/deltos/e/lesion_phes/code/python/pipeline/segmentors_backbones/DSC_0142_segment_1_segmented_smoothed.tif
16r/gimmel/27.7/DSC_0144.NEF,1,16r/gimmel/27.7,DSC_0144,1,FOUND_ONE,/deltos/e/lesion_phes/code/python/pipeline/segmentors_backbones/DSC_0144_segment_1_segmented_smoothed.tif
16r/gimmel/27.7/DSC_0145.NEF,1,16r/gimmel/27.7,DSC_0145,1,FOUND_ONE,/deltos/e/lesion_phes/code/python/pipeline/segmentors_backbones/DSC_0145_segment_1_segmented_smoothed.tif
16r/gimmel/27.7/DSC_0146.NEF,1,16r/gimmel/27.7,DSC_0146,1,FOUND_ONE,/deltos/e/lesion_phes/code/python/pipeline/segmentors_backbones/DSC_0146_segment_1_segmented_smoothed.tif
16r/gimmel/27.7/DSC_0147.NEF,1,16r/gimmel/27.7,DSC_0147,1,FOUND_ONE,/deltos/e/lesion_phes/code/python/pipeline/segmentors_backbones/DSC_0147_segment_1_segmented_smoothed.tif
16r/gimmel/27.7/DSC_0148.NEF,1,16r/gimmel/27.7,DSC_0148,1,FOUND_ONE,/deltos/e/lesion_phes/code/python/pipeline/segmentors_backbones/DSC_0148_segment_1_segmented_smoothed.tif
16r/gimmel/27.7/DSC_0149.NEF,1,16r/gimmel/27.7,DSC_0149,1,FOUND_ONE,/deltos/e/lesion_phes/code/python/pipeline/segmentors_backbones/DSC_0149_segment_1_segmented_smoothed.tif
16r/gimmel/27.7/DSC_0150.NEF,1,16r/gimmel/27.7,DSC_0150,1,FOUND_ONE,/deltos/e/lesion_phes/code/python/pipeline/segmentors_backbones/DSC_0150_segment_1_segmented_smoothed.tif
16r/gimmel/27.7/DSC_0153.NEF,1,16r/gimmel/27.7,DSC_0153,1,FOUND_ONE,/deltos/e/lesion_phes/code/python/pipeline/segmentors_backbones/DSC_0153_segment_1_segmented_smoothed.tif
16r/gimmel/27.7/DSC_0154.NEF,1,16r/gimmel/27.7,DSC_0154,1,FOUND_ONE,/deltos/e/lesion_phes/code/python/pipeline/segmentors_backbones/DSC_0154_segment_1_segmented_smoothed.tif
16r/gimmel/27.7/DSC_0156.NEF,1,16r/gimmel/27.7,DSC_0156,1,FOUND_ONE,/deltos/e/lesion_phes/code/python/pipeline/segmentors_backbones/DSC_0156_segment_1_segmented_smoothed.tif
16r/gimmel/27.7/DSC_0157.NEF,1,16r/gimmel/27.7,DSC_0157,1,FOUND_ONE,/deltos/e/lesion_phes/code/python/pipeline/segmentors_backbones/DSC_0157_segment_1_segmented_smoothed.tif
16r/gimmel/27.7/DSC_0160.NEF,1,16r/gimmel/27.7,DSC_0160,1,FOUND_ONE,/deltos/e/lesion_phes/code/python/pipeline/segmentors_backbones/DSC_0160_segment_1_segmented_smoothed.tif
16r/gimmel/27.7/DSC_0161.NEF,1,16r/gimmel/27.7,DSC_0161,1,FOUND_ONE,/deltos/e/lesion_phes/code/python/pipeline/segmentors_backbones/DSC_0161_segment_1_segmented_smoothed.tif
16r/gimmel/27.7/DSC_0162.NEF,1,16r/gimmel/27.7,DSC_0162,1,FOUND_ONE,/deltos/e/lesion_phes/code/python/pipeline/segmentors_backbones/DSC_0162_segment_1_segmented_smoothed.tif
16r/gimmel/27.7/DSC_0163.NEF,1,16r/gimmel/27.7,DSC_0163,1,FOUND_ONE,/deltos/e/lesion_phes/code/python/pipeline/segmentors_backbones/DSC_0163_segment_1_segmented_smoothed.tif
16r/gimmel/27.7/DSC_0165.NEF,1,16r/gimmel/27.7,DSC_0165,1,FOUND_ONE,/deltos/e/lesion_phes/code/python/pipeline/segmentors_backbones/DSC_0165_segment_1_segmented_smoothed.tif
16r/gimmel/27.7/DSC_0166.NEF,1,16r/gimmel/27.7,DSC_0166,1,FOUND_ONE,/deltos/e/lesion_phes/code/python/pipeline/segmentors_backbones/DSC_0166_segment_1_segmented_smoothed.tif
16r/gimmel/27.7/DSC_0168.NEF,1,16r/gimmel/27.7,DSC_0168,1,FOUND_ONE,/deltos/e/lesion_phes/code/python/pipeline/segmentors_backbones/DSC_0168_segment_1_segmented_smoothed.tif
16r/gimmel/27.7/DSC_0171.NEF,1,16r/gimmel/27.7,DSC_0171,1,FOUND_ONE,/deltos/e/lesion_phes/code/python/pipeline/segmentors_backbones/DSC_0171_segment_1_segmented_smoothed.tif
16r/gimmel/27.7/DSC_0172.NEF,1,16r/gimmel/27.7,DSC_0172,1,FOUND_ONE,/deltos/e/lesion_phes/code/python/pipeline/segmentors_backbones/DSC_0172_segment_1_segmented_smoothed.tif
16r/gimmel/27.7/DSC_0173.NEF,1,16r/gimmel/27.7,DSC_0173,1,FOUND_ONE,/deltos/e/lesion_phes/code/python/pipeline/segmentors_backbones/DSC_0173_segment_1_segmented_smoothed.tif
16r/gimmel/27.7/DSC_0174.NEF,1,16r/gimmel/27.7,DSC_0174,1,FOUND_ONE,/deltos/e/lesion_phes/code/python/pipeline/segmentors_backbones/DSC_0174_segment_1_segmented_smoothed.tif
16r/gimmel/27.7/DSC_0175.NEF,1,16r/gimmel/27.7,DSC_0175,1,FOUND_ONE,/deltos/e/lesion_phes/code/python/pipeline/segmentors_backbones/DSC_0175_segment_1_segmented_smoothed.tif
16r/gimmel/27.7/DSC_0176.NEF,1,16r/gimmel/27.7,DSC_0176,1,FOUND_ONE,/deltos/e/lesion_phes/code/python/pipeline/segmentors_backbones/DSC_0176_segment_1_segmented_smoothed.tif
16r/gimmel/27.7/DSC_0177.NEF,1,16r/gimmel/27.7,DSC_0177,1,FOUND_ONE,/deltos/e/lesion_phes/code/python/pipeline/segmentors_backbones/DSC_0177_segment_1_segmented_smoothed.tif
16r/gimmel/27.7/DSC_0178.NEF,1,16r/gimmel/27.7,DSC_0178,1,FOUND_ONE,/deltos/e/lesion_phes/code/python/pipeline/segmentors_backbones/DSC_0178_segment_1_segmented_smoothed.tif
16r/gimmel/27.7/DSC_0180.NEF,1,16r/gimmel/27.7,DSC_0180,1,FOUND_ONE,/deltos/e/lesion_phes/code/python/pipeline/segmentors_backbones/DSC_0180_segment_1_segmented_smoothed.tif
16r/gimmel/27.7/DSC_0181.NEF,1,16r/gimmel/27.7,DSC_0181,1,FOUND_ONE,/deltos/e/lesion_phes/code/python/pipeline/segmentors_backbones/DSC_0181_segment_1_segmented_smoothed.tif
16r/gimmel/27.7/DSC_0182.NEF,1,16r/gimmel/27.7,DSC_0182,1,FOUND_ONE,/deltos/e/lesion_phes/code/python/pipeline/segmentors_backbones/DSC_0182_segment_1_segmented_smoothed.tif
16r/gimmel/27.7/DSC_0183.NEF,1,16r/gimmel/27.7,DSC_0183,1,FOUND_ONE,/deltos/e/lesion_phes/code/python/pipeline/segmentors_backbones/DSC_0183_segment_1_segmented_smoothed.tif
16r/gimmel/27.7/DSC_0184.NEF,1,16r/gimmel/27.7,DSC_0184,1,FOUND_ONE,/deltos/e/lesion_phes/code/python/pipeline/segmentors_backbones/DSC_0184_segment_1_segmented_smoothed.tif
16r/gimmel/27.7/DSC_0185.NEF,1,16r/gimmel/27.7,DSC_0185,1,FOUND_ONE,/deltos/e/lesion_phes/code/python/pipeline/segmentors_backbones/DSC_0185_segment_1_segmented_smoothed.tif
16r/gimmel/27.7/DSC_0186.NEF,1,16r/gimmel/27.7,DSC_0186,1,FOUND_ONE,/deltos/e/lesion_phes/code/python/pipeline/segmentors_backbones/DSC_0186_segment_1_segmented_smoothed.tif
16r/gimmel/27.7/DSC_0187.NEF,1,16r/gimmel/27.7,DSC_0187,1,FOUND_ONE,/deltos/e/lesion_phes/code/python/pipeline/segmentors_backbones/DSC_0187_segment_1_segmented_smoothed.tif
16r/gimmel/27.7/DSC_0188.NEF,1,16r/gimmel/27.7,DSC_0188,1,FOUND_ONE,/deltos/e/lesion_phes/code/python/pipeline/segmentors_backbones/DSC_0188_segment_1_segmented_smoothed.tif
16r/gimmel/28.7/DSC_0191.NEF,1,16r/gimmel/28.7,DSC_0191,1,FOUND_ONE,/deltos/e/lesion_phes/code/python/pipeline/segmentors_backbones/DSC_0191_segment_1_segmented_smoothed.tif
16r/gimmel/28.7/DSC_0192.NEF,1,16r/gimmel/28.7,DSC_0192,1,FOUND_ONE,/deltos/e/lesion_phes/code/python/pipeline/segmentors_backbones/DSC_0192_segment_1_segmented_smoothed.tif
16r/gimmel/28.7/DSC_0196.NEF,1,16r/gimmel/28.7,DSC_0196,1,FOUND_ONE,/deltos/e/lesion_phes/code/python/pipeline/segmentors_backbones/DSC_0196_segment_1_segmented_smoothed.tif
16r/gimmel/28.7/DSC_0198.NEF,1,16r/gimmel/28.7,DSC_0198,1,FOUND_ONE,/deltos/e/lesion_phes/code/python/pipeline/segmentors_backbones/DSC_0198_segment_1_segmented_smoothed.tif
16r/gimmel/28.7/DSC_0199.NEF,1,16r/gimmel/28.7,DSC_0199,1,FOUND_ONE,/deltos/e/lesion_phes/code/python/pipeline/segmentors_backbones/DSC_0199_segment_1_segmented_smoothed.tif
16r/gimmel/28.7/DSC_0201.NEF,1,16r/gimmel/28.7,DSC_0201,1,FOUND_ONE,/deltos/e/lesion_phes/code/python/pipeline/segmentors_backbones/DSC_0201_segment_1_segmented_smoothed.tif
16r/gimmel/28.7/DSC_0203.NEF,1,16r/gimmel/28.7,DSC_0203,1,FOUND_ONE,/deltos/e/lesion_phes/code/python/pipeline/segmentors_backbones/DSC_0203_segment_1_segmented_smoothed.tif
16r/gimmel/28.7/DSC_0205.NEF,1,16r/gimmel/28.7,DSC_0205,1,FOUND_ONE,/deltos/e/lesion_phes/code/python/pipeline/segmentors_backbones/DSC_0205_segment_1_segmented_smoothed.tif
16r/gimmel/28.7/DSC_0206.NEF,1,16r/gimmel/28.7,DSC_0206,1,FOUND_ONE,/deltos/e/lesion_phes/code/python/pipeline/segmentors_backbones/DSC_0206_segment_1_segmented_smoothed.tif
16r/gimmel/28.7/DSC_0208.NEF,1,16r/gimmel/28.7,DSC_0208,1,FOUND_ONE,/deltos/e/lesion_phes/code/python/pipeline/segmentors_backbones/DSC_0208_segment_1_segmented_smoothed.tif
16r/gimmel/28.7/DSC_0209.NEF,1,16r/gimmel/28.7,DSC_0209,1,FOUND_ONE,/deltos/e/lesion_phes/code/python/pipeline/segmentors_backbones/DSC_0209_segment_1_segmented_smoothed.tif
16r/gimmel/28.7/DSC_0210.NEF,1,16r/gimmel/28.7,DSC_0210,1,FOUND_ONE,/deltos/e/lesion_phes/code/python/pipeline/segmentors_backbones/DSC_0210_segment_1_segmented_smoothed.tif
16r/gimmel/28.7/DSC_0211.NEF,1,16r/gimmel/28.7,DSC_0211,1,FOUND_ONE,/deltos/e/lesion_phes/code/python/pipeline/segmentors_backbones/DSC_0211_segment_1_segmented_smoothed.tif
16r/gimmel/28.7/DSC_0213.NEF,1,16r/gimmel/28.7,DSC_0213,1,FOUND_ONE,/deltos/e/lesion_phes/code/python/pipeline/segmentors_backbones/DSC_0213_segment_1_segmented_smoothed.tif
16r/gimmel/28.7/DSC_0217.NEF,1,16r/gimmel/28.7,DSC_0217,1,FOUND_ONE,/deltos/e/lesion_phes/code/python/pipeline/segmentors_backbones/DSC_0217_segment_1_segmented_smoothed.tif
16r/gimmel/28.7/DSC_0218.NEF,1,16r/gimmel/28.7,DSC_0218,1,FOUND_ONE,/deltos/e/lesion_phes/code/python/pipeline/segmentors_backbones/DSC_0218_segment_1_segmented_smoothed.tif
16r/gimmel/28.7/DSC_0220.NEF,1,16r/gimmel/28.7,DSC_0220,1,FOUND_ONE,/deltos/e/lesion_phes/code/python/pipeline/segmentors_backbones/DSC_0220_segment_1_segmented_smoothed.tif
16r/gimmel/28.7/DSC_0222.NEF,1,16r/gimmel/28.7,DSC_0222,1,FOUND_ONE,/deltos/e/lesion_phes/code/python/pipeline/segmentors_backbones/DSC_0222_segment_1_segmented_smoothed.tif
16r/gimmel/28.7/DSC_0223.NEF,1,16r/gimmel/28.7,DSC_0223,1,FOUND_ONE,/deltos/e/lesion_phes/code/python/pipeline/segmentors_backbones/DSC_0223_segment_1_segmented_smoothed.tif
16r/gimmel/28.7/DSC_0225.NEF,1,16r/gimmel/28.7,DSC_0225,1,FOUND_ONE,/deltos/e/lesion_phes/code/python/pipeline/segmentors_backbones/DSC_0225_segment_1_segmented_smoothed.tif
16r/gimmel/28.7/DSC_0226.NEF,1,16r/gimmel/28.7,DSC_0226,1,FOUND_ONE,/deltos/e/lesion_phes/code/python/pipeline/segmentors_backbones/DSC_0226_segment_1_segmented_smoothed.tif
16r/gimmel/28.7/DSC_0227.NEF,1,16r/gimmel/28.7,DSC_0227,1,FOUND_ONE,/deltos/e/lesion_phes/code/python/pipeline/segmentors_backbones/DSC_0227_segment_1_segmented_smoothed.tif
16r/gimmel/28.7/DSC_0231.NEF,1,16r/gimmel/28.7,DSC_0231,1,FOUND_ONE,/deltos/e/lesion_phes/code/python/pipeline/segmentors_backbones/DSC_0231_segment_1_segmented_smoothed.tif
16r/gimmel/28.7/DSC_0232.NEF,1,16r/gimmel/28.7,DSC_0232,1,FOUND_ONE,/deltos/e/lesion_phes/code/python/pipeline/segmentors_backbones/DSC_0232_segment_1_segmented_smoothed.tif
16r/gimmel/28.7/DSC_0235.NEF,1,16r/gimmel/28.7,DSC_0235,1,FOUND_ONE,/deltos/e/lesion_phes/code/python/pipeline/segmentors_backbones/DSC_0235_segment_1_segmented_smoothed.tif
16r/gimmel/28.7/DSC_0236.NEF,1,16r/gimmel/28.7,DSC_0236,1,FOUND_ONE,/deltos/e/lesion_phes/code/python/pipeline/segmentors_backbones/DSC_0236_segment_1_segmented_smoothed.tif
16r/gimmel/28.7/DSC_0237.NEF,1,16r/gimmel/28.7,DSC_0237,1,FOUND_ONE,/deltos/e/lesion_phes/code/python/pipeline/segmentors_backbones/DSC_0237_segment_1_segmented_smoothed.tif
16r/gimmel/28.7/DSC_0238.NEF,1,16r/gimmel/28.7,DSC_0238,1,FOUND_ONE,/deltos/e/lesion_phes/code/python/pipeline/segmentors_backbones/DSC_0238_segment_1_segmented_smoothed.tif
16r/gimmel/28.7/DSC_0239.NEF,1,16r/gimmel/28.7,DSC_0239,1,FOUND_ONE,/deltos/e/lesion_phes/code/python/pipeline/segmentors_backbones/DSC_0239_segment_1_segmented_smoothed.tif
16r/gimmel/28.7/DSC_0240.NEF,1,16r/gimmel/28.7,DSC_0240,1,FOUND_ONE,/deltos/e/lesion_phes/code/python/pipeline/segmentors_backbones/DSC_0240_segment_1_segmented_smoothed.tif
16r/gimmel/28.7/DSC_0241.NEF,1,16r/gimmel/28.7,DSC_0241,1,FOUND_ONE,/deltos/e/lesion_phes/code/python/pipeline/segmentors_backbones/DSC_0241_segment_1_segmented_smoothed.tif
16r/gimmel/28.7/DSC_0242.NEF,1,16r/gimmel/28.7,DSC_0242,1,FOUND_ONE,/deltos/e/lesion_phes/code/python/pipeline/segmentors_backbones/DSC_0242_segment_1_segmented_smoothed.tif
16r/gimmel/28.7/DSC_0243.NEF,1,16r/gimmel/28.7,DSC_0243,1,FOUND_ONE,/deltos/e/lesion_phes/code/python/pipeline/segmentors_backbones/DSC_0243_segment_1_segmented_smoothed.tif
16r/gimmel/28.7/DSC_0251.NEF,1,16r/gimmel/28.7,DSC_0251,1,FOUND_ONE,/deltos/e/lesion_phes/code/python/pipeline/segmentors_backbones/DSC_0251_segment_1_segmented_smoothed.tif
16r/gimmel/28.7/DSC_0252.NEF,1,16r/gimmel/28.7,DSC_0252,1,FOUND_ONE,/deltos/e/lesion_phes/code/python/pipeline/segmentors_backbones/DSC_0252_segment_1_segmented_smoothed.tif
16r/gimmel/28.7/DSC_0254.NEF,1,16r/gimmel/28.7,DSC_0254,1,FOUND_ONE,/deltos/e/lesion_phes/code/python/pipeline/segmentors_backbones/DSC_0254_segment_1_segmented_smoothed.tif
16r/gimmel/28.7/DSC_0256.NEF,1,16r/gimmel/28.7,DSC_0256,1,FOUND_ONE,/deltos/e/lesion_phes/code/python/pipeline/segmentors_backbones/DSC_0256_segment_1_segmented_smoothed.tif
16r/gimmel/28.7/DSC_0257.NEF,1,16r/gimmel/28.7,DSC_0257,1,FOUND_ONE,/deltos/e/lesion_phes/code/python/pipeline/segmentors_backbones/DSC_0257_segment_1_segmented_smoothed.tif
16r/gimmel/28.7/DSC_0258.NEF,1,16r/gimmel/28.7,DSC_0258,1,FOUND_ONE,/deltos/e/lesion_phes/code/python/pipeline/segmentors_backbones/DSC_0258_segment_1_segmented_smoothed.tif
16r/gimmel/28.7/DSC_0260.NEF,1,16r/gimmel/28.7,DSC_0260,1,FOUND_ONE,/deltos/e/lesion_phes/code/python/pipeline/segmentors_backbones/DSC_0260_segment_1_segmented_smoothed.tif
16r/gimmel/28.7/DSC_0262.NEF,1,16r/gimmel/28.7,DSC_0262,1,FOUND_ONE,/deltos/e/lesion_phes/code/python/pipeline/segmentors_backbones/DSC_0262_segment_1_segmented_smoothed.tif
16r/gimmel/30.7/DSC_0263.NEF,1,16r/gimmel/30.7,DSC_0263,1,FOUND_ONE,/deltos/e/lesion_phes/code/python/pipeline/segmentors_backbones/DSC_0263_segment_1_segmented_smoothed.tif
16r/gimmel/30.7/DSC_0264.NEF,1,16r/gimmel/30.7,DSC_0264,1,FOUND_ONE,/deltos/e/lesion_phes/code/python/pipeline/segmentors_backbones/DSC_0264_segment_1_segmented_smoothed.tif
16r/gimmel/30.7/DSC_0265.NEF,1,16r/gimmel/30.7,DSC_0265,1,FOUND_ONE,/deltos/e/lesion_phes/code/python/pipeline/segmentors_backbones/DSC_0265_segment_1_segmented_smoothed.tif
16r/gimmel/30.7/DSC_0266.NEF,1,16r/gimmel/30.7,DSC_0266,1,FOUND_ONE,/deltos/e/lesion_phes/code/python/pipeline/segmentors_backbones/DSC_0266_segment_1_segmented_smoothed.tif
16r/gimmel/30.7/DSC_0267.NEF,1,16r/gimmel/30.7,DSC_0267,1,FOUND_ONE,/deltos/e/lesion_phes/code/python/pipeline/segmentors_backbones/DSC_0267_segment_1_segmented_smoothed.tif
16r/gimmel/30.7/DSC_0268.NEF,1,16r/gimmel/30.7,DSC_0268,1,FOUND_ONE,/deltos/e/lesion_phes/code/python/pipeline/segmentors_backbones/DSC_0268_segment_1_segmented_smoothed.tif
16r/gimmel/30.7/DSC_0269.NEF,1,16r/gimmel/30.7,DSC_0269,1,FOUND_ONE,/deltos/e/lesion_phes/code/python/pipeline/segmentors_backbones/DSC_0269_segment_1_segmented_smoothed.tif
16r/gimmel/30.7/DSC_0270.NEF,1,16r/gimmel/30.7,DSC_0270,1,FOUND_ONE,/deltos/e/lesion_phes/code/python/pipeline/segmentors_backbones/DSC_0270_segment_1_segmented_smoothed.tif
16r/gimmel/30.7/DSC_0271.NEF,1,16r/gimmel/30.7,DSC_0271,1,FOUND_ONE,/deltos/e/lesion_phes/code/python/pipeline/segmentors_backbones/DSC_0271_segment_1_segmented_smoothed.tif
16r/gimmel/30.7/DSC_0272.NEF,1,16r/gimmel/30.7,DSC_0272,1,FOUND_ONE,/deltos/e/lesion_phes/code/python/pipeline/segmentors_backbones/DSC_0272_segment_1_segmented_smoothed.tif
16r/gimmel/30.7/DSC_0273.NEF,1,16r/gimmel/30.7,DSC_0273,1,FOUND_ONE,/deltos/e/lesion_phes/code/python/pipeline/segmentors_backbones/DSC_0273_segment_1_segmented_smoothed.tif
16r/gimmel/30.7/DSC_0274.NEF,1,16r/gimmel/30.7,DSC_0274,1,FOUND_ONE,/deltos/e/lesion_phes/code/python/pipeline/segmentors_backbones/DSC_0274_segment_1_segmented_smoothed.tif
16r/gimmel/30.7/DSC_0275.NEF,1,16r/gimmel/30.7,DSC_0275,1,FOUND_ONE,/deltos/e/lesion_phes/code/python/pipeline/segmentors_backbones/DSC_0275_segment_1_segmented_smoothed.tif
16r/gimmel/30.7/DSC_0277.NEF,1,16r/gimmel/30.7,DSC_0277,1,FOUND_ONE,/deltos/e/lesion_phes/code/python/pipeline/segmentors_backbones/DSC_0277_segment_1_segmented_smoothed.tif
16r/gimmel/30.7/DSC_0278.NEF,1,16r/gimmel/30.7,DSC_0278,1,FOUND_ONE,/deltos/e/lesion_phes/code/python/pipeline/segmentors_backbones/DSC_0278_segment_1_segmented_smoothed.tif
16r/gimmel/30.7/DSC_0279.NEF,1,16r/gimmel/30.7,DSC_0279,1,FOUND_ONE,/deltos/e/lesion_phes/code/python/pipeline/segmentors_backbones/DSC_0279_segment_1_segmented_smoothed.tif
16r/gimmel/30.7/DSC_0281.NEF,1,16r/gimmel/30.7,DSC_0281,1,FOUND_ONE,/deltos/e/lesion_phes/code/python/pipeline/segmentors_backbones/DSC_0281_segment_1_segmented_smoothed.tif
16r/gimmel/30.7/DSC_0282.NEF,1,16r/gimmel/30.7,DSC_0282,1,FOUND_ONE,/deltos/e/lesion_phes/code/python/pipeline/segmentors_backbones/DSC_0282_segment_1_segmented_smoothed.tif
16r/gimmel/30.7/DSC_0283.NEF,1,16r/gimmel/30.7,DSC_0283,1,FOUND_ONE,/deltos/e/lesion_phes/code/python/pipeline/segmentors_backbones/DSC_0283_segment_1_segmented_smoothed.tif
16r/gimmel/30.7/DSC_0284.NEF,1,16r/gimmel/30.7,DSC_0284,1,FOUND_ONE,/deltos/e/lesion_phes/code/python/pipeline/segmentors_backbones/DSC_0284_segment_1_segmented_smoothed.tif
16r/gimmel/30.7/DSC_0285.NEF,1,16r/gimmel/30.7,DSC_0285,1,FOUND_ONE,/deltos/e/lesion_phes/code/python/pipeline/segmentors_backbones/DSC_0285_segment_1_segmented_smoothed.tif
16r/gimmel/30.7/DSC_0286.NEF,1,16r/gimmel/30.7,DSC_0286,1,FOUND_ONE,/deltos/e/lesion_phes/code/python/pipeline/segmentors_backbones/DSC_0286_segment_1_segmented_smoothed.tif
16r/gimmel/30.7/DSC_0287.NEF,1,16r/gimmel/30.7,DSC_0287,1,FOUND_ONE,/deltos/e/lesion_phes/code/python/pipeline/segmentors_backbones/DSC_0287_segment_1_segmented_smoothed.tif
16r/gimmel/30.7/DSC_0288.NEF,1,16r/gimmel/30.7,DSC_0288,1,FOUND_ONE,/deltos/e/lesion_phes/code/python/pipeline/segmentors_backbones/DSC_0288_segment_1_segmented_smoothed.tif
22r/aleph/5.8/DSC_0386.NEF,1,22r/aleph/5.8,DSC_0386,1,FOUND_ONE,/deltos/e/lesion_phes/code/python/pipeline/segmentors_backbones/DSC_0386_segment_1_segmented_smoothed.tif
22r/aleph/5.8/DSC_0379.NEF,1,22r/aleph/5.8,DSC_0379,1,FOUND_ONE,/deltos/e/lesion_phes/code/python/pipeline/segmentors_backbones/DSC_0379_segment_1_segmented_smoothed.tif
22r/aleph/5.8/DSC_0378.NEF,1,22r/aleph/5.8,DSC_0378,1,FOUND_ONE,/deltos/e/lesion_phes/code/python/pipeline/segmentors_backbones/DSC_0378_segment_1_segmented_smoothed.tif
22r/aleph/5.8/DSC_0420.NEF,1,22r/aleph/5.8,DSC_0420,1,FOUND_ONE,/deltos/e/lesion_phes/code/python/pipeline/segmentors_backbones/DSC_0420_segment_1_segmented_smoothed.tif
22r/aleph/5.8/DSC_0408.NEF,1,22r/aleph/5.8,DSC_0408,1,FOUND_ONE,/deltos/e/lesion_phes/code/python/pipeline/segmentors_backbones/DSC_0408_segment_1_segmented_smoothed.tif
22r/aleph/5.8/DSC_0380.NEF,1,22r/aleph/5.8,DSC_0380,1,FOUND_ONE,/deltos/e/lesion_phes/code/python/pipeline/segmentors_backbones/DSC_0380_segment_1_segmented_smoothed.tif
22r/aleph/5.8/DSC_0394.NEF,1,22r/aleph/5.8,DSC_0394,1,FOUND_ONE,/deltos/e/lesion_phes/code/python/pipeline/segmentors_backbones/DSC_0394_segment_1_segmented_smoothed.tif
22r/aleph/5.8/DSC_0419.NEF,1,22r/aleph/5.8,DSC_0419,1,FOUND_ONE,/deltos/e/lesion_phes/code/python/pipeline/segmentors_backbones/DSC_0419_segment_1_segmented_smoothed.tif
22r/aleph/5.8/DSC_0381.NEF,1,22r/aleph/5.8,DSC_0381,1,FOUND_ONE,/deltos/e/lesion_phes/code/python/pipeline/segmentors_backbones/DSC_0381_segment_1_segmented_smoothed.tif
22r/aleph/5.8/DSC_0397.NEF,1,22r/aleph/5.8,DSC_0397,1,FOUND_ONE,/deltos/e/lesion_phes/code/python/pipeline/segmentors_backbones/DSC_0397_segment_1_segmented_smoothed.tif
22r/aleph/5.8/DSC_0368.NEF,1,22r/aleph/5.8,DSC_0368,1,FOUND_ONE,/deltos/e/lesion_phes/code/python/pipeline/segmentors_backbones/DSC_0368_segment_1_segmented_smoothed.tif
22r/aleph/5.8/DSC_0369.NEF,1,22r/aleph/5.8,DSC_0369,1,FOUND_ONE,/deltos/e/lesion_phes/code/python/pipeline/segmentors_backbones/DSC_0369_segment_1_segmented_smoothed.tif
22r/aleph/5.8/DSC_0382.NEF,1,22r/aleph/5.8,DSC_0382,1,FOUND_ONE,/deltos/e/lesion_phes/code/python/pipeline/segmentors_backbones/DSC_0382_segment_1_segmented_smoothed.tif
22r/aleph/5.8/DSC_0416.NEF,1,22r/aleph/5.8,DSC_0416,1,FOUND_ONE,/deltos/e/lesion_phes/code/python/pipeline/segmentors_backbones/DSC_0416_segment_1_segmented_smoothed.tif
22r/aleph/5.8/DSC_0370.NEF,1,22r/aleph/5.8,DSC_0370,1,FOUND_ONE,/deltos/e/lesion_phes/code/python/pipeline/segmentors_backbones/DSC_0370_segment_1_segmented_smoothed.tif
22r/aleph/5.8/DSC_0364.NEF,1,22r/aleph/5.8,DSC_0364,1,FOUND_ONE,/deltos/e/lesion_phes/code/python/pipeline/segmentors_backbones/DSC_0364_segment_1_segmented_smoothed.tif
22r/aleph/5.8/DSC_0402.NEF,1,22r/aleph/5.8,DSC_0402,1,FOUND_ONE,/deltos/e/lesion_phes/code/python/pipeline/segmentors_backbones/DSC_0402_segment_1_segmented_smoothed.tif
22r/aleph/5.8/DSC_0365.NEF,1,22r/aleph/5.8,DSC_0365,1,FOUND_ONE,/deltos/e/lesion_phes/code/python/pipeline/segmentors_backbones/DSC_0365_segment_1_segmented_smoothed.tif
22r/aleph/5.8/DSC_0417.NEF,1,22r/aleph/5.8,DSC_0417,1,FOUND_ONE,/deltos/e/lesion_phes/code/python/pipeline/segmentors_backbones/DSC_0417_segment_1_segmented_smoothed.tif
22r/aleph/5.8/DSC_0371.NEF,1,22r/aleph/5.8,DSC_0371,1,FOUND_ONE,/deltos/e/lesion_phes/code/python/pipeline/segmentors_backbones/DSC_0371_segment_1_segmented_smoothed.tif
22r/aleph/5.8/DSC_0398.NEF,1,22r/aleph/5.8,DSC_0398,1,FOUND_ONE,/deltos/e/lesion_phes/code/python/pipeline/segmentors_backbones/DSC_0398_segment_1_segmented_smoothed.tif
22r/aleph/5.8/DSC_0401.NEF,1,22r/aleph/5.8,DSC_0401,1,FOUND_ONE,/deltos/e/lesion_phes/code/python/pipeline/segmentors_backbones/DSC_0401_segment_1_segmented_smoothed.tif
22r/aleph/5.8/DSC_0372.NEF,1,22r/aleph/5.8,DSC_0372,1,FOUND_ONE,/deltos/e/lesion_phes/code/python/pipeline/segmentors_backbones/DSC_0372_segment_1_segmented_smoothed.tif
22r/aleph/5.8/DSC_0400.NEF,1,22r/aleph/5.8,DSC_0400,1,FOUND_ONE,/deltos/e/lesion_phes/code/python/pipeline/segmentors_backbones/DSC_0400_segment_1_segmented_smoothed.tif
22r/aleph/5.8/DSC_0399.NEF,1,22r/aleph/5.8,DSC_0399,1,FOUND_ONE,/deltos/e/lesion_phes/code/python/pipeline/segmentors_backbones/DSC_0399_segment_1_segmented_smoothed.tif
22r/aleph/5.8/DSC_0389.NEF,1,22r/aleph/5.8,DSC_0389,1,FOUND_ONE,/deltos/e/lesion_phes/code/python/pipeline/segmentors_backbones/DSC_0389_segment_1_segmented_smoothed.tif
22r/aleph/5.8/DSC_0404.NEF,1,22r/aleph/5.8,DSC_0404,1,FOUND_ONE,/deltos/e/lesion_phes/code/python/pipeline/segmentors_backbones/DSC_0404_segment_1_segmented_smoothed.tif
22r/aleph/5.8/DSC_0376.NEF,1,22r/aleph/5.8,DSC_0376,1,FOUND_ONE,/deltos/e/lesion_phes/code/python/pipeline/segmentors_backbones/DSC_0376_segment_1_segmented_smoothed.tif
22r/aleph/5.8/DSC_0377.NEF,1,22r/aleph/5.8,DSC_0377,1,FOUND_ONE,/deltos/e/lesion_phes/code/python/pipeline/segmentors_backbones/DSC_0377_segment_1_segmented_smoothed.tif
22r/aleph/5.8/DSC_0363.NEF,1,22r/aleph/5.8,DSC_0363,1,FOUND_ONE,/deltos/e/lesion_phes/code/python/pipeline/segmentors_backbones/DSC_0363_segment_1_segmented_smoothed.tif
22r/aleph/5.8/DSC_0375.NEF,1,22r/aleph/5.8,DSC_0375,1,FOUND_ONE,/deltos/e/lesion_phes/code/python/pipeline/segmentors_backbones/DSC_0375_segment_1_segmented_smoothed.tif
22r/aleph/5.8/DSC_0413.NEF,1,22r/aleph/5.8,DSC_0413,1,FOUND_ONE,/deltos/e/lesion_phes/code/python/pipeline/segmentors_backbones/DSC_0413_segment_1_segmented_smoothed.tif
22r/aleph/5.8/DSC_0407.NEF,1,22r/aleph/5.8,DSC_0407,1,FOUND_ONE,/deltos/e/lesion_phes/code/python/pipeline/segmentors_backbones/DSC_0407_segment_1_segmented_smoothed.tif
22r/aleph/5.8/DSC_0406.NEF,1,22r/aleph/5.8,DSC_0406,1,FOUND_ONE,/deltos/e/lesion_phes/code/python/pipeline/segmentors_backbones/DSC_0406_segment_1_segmented_smoothed.tif
22r/aleph/5.8/DSC_0360.NEF,1,22r/aleph/5.8,DSC_0360,1,FOUND_ONE,/deltos/e/lesion_phes/code/python/pipeline/segmentors_backbones/DSC_0360_segment_1_segmented_smoothed.tif
22r/aleph/5.8/DSC_0374.NEF,1,22r/aleph/5.8,DSC_0374,1,FOUND_ONE,/deltos/e/lesion_phes/code/python/pipeline/segmentors_backbones/DSC_0374_segment_1_segmented_smoothed.tif
22r/aleph/5.8/DSC_0412.NEF,1,22r/aleph/5.8,DSC_0412,1,FOUND_ONE,/deltos/e/lesion_phes/code/python/pipeline/segmentors_backbones/DSC_0412_segment_1_segmented_smoothed.tif
22r/aleph/19.7/DSC_0087.NEF,1,22r/aleph/19.7,DSC_0087,1,FOUND_ONE,/deltos/e/lesion_phes/code/python/pipeline/segmentors_backbones/DSC_0087_segment_1_segmented_smoothed.tif
22r/aleph/19.7/DSC_0044.NEF,1,22r/aleph/19.7,DSC_0044,1,FOUND_ONE,/deltos/e/lesion_phes/code/python/pipeline/segmentors_backbones/DSC_0044_segment_1_segmented_smoothed.tif
22r/aleph/19.7/DSC_0050.NEF,1,22r/aleph/19.7,DSC_0050,1,FOUND_ONE,/deltos/e/lesion_phes/code/python/pipeline/segmentors_backbones/DSC_0050_segment_1_segmented_smoothed.tif
22r/aleph/19.7/DSC_0078.NEF,1,22r/aleph/19.7,DSC_0078,1,FOUND_ONE,/deltos/e/lesion_phes/code/python/pipeline/segmentors_backbones/DSC_0078_segment_1_segmented_smoothed.tif
22r/aleph/19.7/DSC_0051.NEF,1,22r/aleph/19.7,DSC_0051,1,FOUND_ONE,/deltos/e/lesion_phes/code/python/pipeline/segmentors_backbones/DSC_0051_segment_1_segmented_smoothed.tif
22r/aleph/19.7/DSC_0086.NEF,1,22r/aleph/19.7,DSC_0086,1,FOUND_ONE,/deltos/e/lesion_phes/code/python/pipeline/segmentors_backbones/DSC_0086_segment_1_segmented_smoothed.tif
22r/aleph/19.7/DSC_0090.NEF,1,22r/aleph/19.7,DSC_0090,1,FOUND_ONE,/deltos/e/lesion_phes/code/python/pipeline/segmentors_backbones/DSC_0090_segment_1_segmented_smoothed__1.tif
22r/aleph/19.7/DSC_0084.NEF,1,22r/aleph/19.7,DSC_0084,1,FOUND_ONE,/deltos/e/lesion_phes/code/python/pipeline/segmentors_backbones/DSC_0084_segment_1_segmented_smoothed.tif
22r/aleph/19.7/DSC_0053.NEF,1,22r/aleph/19.7,DSC_0053,1,FOUND_ONE,/deltos/e/lesion_phes/code/python/pipeline/segmentors_backbones/DSC_0053_segment_1_segmented_smoothed.tif
22r/aleph/19.7/DSC_0046.NEF,1,22r/aleph/19.7,DSC_0046,1,FOUND_ONE,/deltos/e/lesion_phes/code/python/pipeline/segmentors_backbones/DSC_0046_segment_1_segmented_smoothed.tif
22r/aleph/19.7/DSC_0052.NEF,1,22r/aleph/19.7,DSC_0052,1,FOUND_ONE,/deltos/e/lesion_phes/code/python/pipeline/segmentors_backbones/DSC_0052_segment_1_segmented_smoothed.tif
22r/aleph/19.7/DSC_0085.NEF,1,22r/aleph/19.7,DSC_0085,1,FOUND_ONE,/deltos/e/lesion_phes/code/python/pipeline/segmentors_backbones/DSC_0085_segment_1_segmented_smoothed.tif
22r/aleph/19.7/DSC_0056.NEF,1,22r/aleph/19.7,DSC_0056,1,FOUND_ONE,/deltos/e/lesion_phes/code/python/pipeline/segmentors_backbones/DSC_0056_segment_1_segmented_smoothed.tif
22r/aleph/19.7/DSC_0057.NEF,1,22r/aleph/19.7,DSC_0057,1,FOUND_ONE,/deltos/e/lesion_phes/code/python/pipeline/segmentors_backbones/DSC_0057_segment_1_segmented_smoothed.tif
22r/aleph/19.7/DSC_0080.NEF,1,22r/aleph/19.7,DSC_0080,1,FOUND_ONE,/deltos/e/lesion_phes/code/python/pipeline/segmentors_backbones/DSC_0080_segment_1_segmented_smoothed.tif
22r/aleph/19.7/DSC_0082.NEF,1,22r/aleph/19.7,DSC_0082,1,FOUND_ONE,/deltos/e/lesion_phes/code/python/pipeline/segmentors_backbones/DSC_0082_segment_1_segmented_smoothed.tif
22r/aleph/19.7/DSC_0069.NEF,1,22r/aleph/19.7,DSC_0069,1,FOUND_ONE,/deltos/e/lesion_phes/code/python/pipeline/segmentors_backbones/DSC_0069_segment_1_segmented_smoothed.tif
22r/aleph/19.7/DSC_0055.NEF,1,22r/aleph/19.7,DSC_0055,1,FOUND_ONE,/deltos/e/lesion_phes/code/python/pipeline/segmentors_backbones/DSC_0055_segment_1_segmented_smoothed.tif
22r/aleph/19.7/DSC_0040.NEF,1,22r/aleph/19.7,DSC_0040,1,FOUND_ONE,/deltos/e/lesion_phes/code/python/pipeline/segmentors_backbones/DSC_0040_segment_1_segmented_smoothed.tif
22r/aleph/19.7/DSC_0068.NEF,1,22r/aleph/19.7,DSC_0068,1,FOUND_ONE,/deltos/e/lesion_phes/code/python/pipeline/segmentors_backbones/DSC_0068_segment_1_segmented_smoothed.tif
22r/aleph/19.7/DSC_0083.NEF,1,22r/aleph/19.7,DSC_0083,1,FOUND_ONE,/deltos/e/lesion_phes/code/python/pipeline/segmentors_backbones/DSC_0083_segment_1_segmented_smoothed.tif
22r/aleph/19.7/DSC_0027.NEF,1,22r/aleph/19.7,DSC_0027,1,FOUND_ONE,/deltos/e/lesion_phes/code/python/pipeline/segmentors_backbones/DSC_0027_segment_1_segmented_smoothed.tif
22r/aleph/19.7/DSC_0033.NEF,1,22r/aleph/19.7,DSC_0033,1,FOUND_ONE,/deltos/e/lesion_phes/code/python/pipeline/segmentors_backbones/DSC_0033_segment_1_segmented_smoothed.tif
22r/aleph/19.7/DSC_0032.NEF,1,22r/aleph/19.7,DSC_0032,1,FOUND_ONE,/deltos/e/lesion_phes/code/python/pipeline/segmentors_backbones/DSC_0032_segment_1_segmented_smoothed.tif
22r/aleph/19.7/DSC_0026.NEF,1,22r/aleph/19.7,DSC_0026,1,FOUND_ONE,/deltos/e/lesion_phes/code/python/pipeline/segmentors_backbones/DSC_0026_segment_1_segmented_smoothed.tif
22r/aleph/19.7/DSC_0030.NEF,1,22r/aleph/19.7,DSC_0030,1,FOUND_ONE,/deltos/e/lesion_phes/code/python/pipeline/segmentors_backbones/DSC_0030_segment_1_segmented_smoothed.tif
22r/aleph/19.7/DSC_0024.NEF,1,22r/aleph/19.7,DSC_0024,1,FOUND_ONE,/deltos/e/lesion_phes/code/python/pipeline/segmentors_backbones/DSC_0024_segment_1_segmented_smoothed.tif
22r/aleph/19.7/DSC_0018.NEF,1,22r/aleph/19.7,DSC_0018,1,FOUND_ONE,/deltos/e/lesion_phes/code/python/pipeline/segmentors_backbones/DSC_0018_segment_1_segmented_smoothed.tif
22r/aleph/19.7/DSC_0019.NEF,1,22r/aleph/19.7,DSC_0019,1,FOUND_ONE,/deltos/e/lesion_phes/code/python/pipeline/segmentors_backbones/DSC_0019_segment_1_segmented_smoothed.tif
22r/aleph/19.7/DSC_0025.NEF,1,22r/aleph/19.7,DSC_0025,1,FOUND_ONE,/deltos/e/lesion_phes/code/python/pipeline/segmentors_backbones/DSC_0025_segment_1_segmented_smoothed.tif
22r/aleph/19.7/DSC_0031.NEF,1,22r/aleph/19.7,DSC_0031,1,FOUND_ONE,/deltos/e/lesion_phes/code/python/pipeline/segmentors_backbones/DSC_0031_segment_1_segmented_smoothed.tif
22r/aleph/19.7/DSC_0009.NEF,1,22r/aleph/19.7,DSC_0009,1,FOUND_ONE,/deltos/e/lesion_phes/code/python/pipeline/segmentors_backbones/DSC_0009_segment_1_segmented_smoothed.tif
22r/aleph/19.7/DSC_0035.NEF,1,22r/aleph/19.7,DSC_0035,1,FOUND_ONE,/deltos/e/lesion_phes/code/python/pipeline/segmentors_backbones/DSC_0035_segment_1_segmented_smoothed.tif
22r/aleph/19.7/DSC_0020.NEF,1,22r/aleph/19.7,DSC_0020,1,FOUND_ONE,/deltos/e/lesion_phes/code/python/pipeline/segmentors_backbones/DSC_0020_segment_1_segmented_smoothed.tif
22r/aleph/19.7/DSC_0034.NEF,1,22r/aleph/19.7,DSC_0034,1,FOUND_ONE,/deltos/e/lesion_phes/code/python/pipeline/segmentors_backbones/DSC_0034_segment_1_segmented_smoothed.tif
22r/aleph/19.7/DSC_0008.NEF,1,22r/aleph/19.7,DSC_0008,1,FOUND_ONE,/deltos/e/lesion_phes/code/python/pipeline/segmentors_backbones/DSC_0008_segment_1_segmented_smoothed.tif
22r/aleph/19.7/DSC_0022.NEF,1,22r/aleph/19.7,DSC_0022,1,FOUND_ONE,/deltos/e/lesion_phes/code/python/pipeline/segmentors_backbones/DSC_0022_segment_1_segmented_smoothed.tif
22r/aleph/19.7/DSC_0036.NEF,1,22r/aleph/19.7,DSC_0036,1,FOUND_ONE,/deltos/e/lesion_phes/code/python/pipeline/segmentors_backbones/DSC_0036_segment_1_segmented_smoothed.tif
22r/aleph/19.7/DSC_0037.NEF,1,22r/aleph/19.7,DSC_0037,1,FOUND_ONE,/deltos/e/lesion_phes/code/python/pipeline/segmentors_backbones/DSC_0037_segment_1_segmented_smoothed.tif
22r/aleph/19.7/DSC_0023.NEF,1,22r/aleph/19.7,DSC_0023,1,FOUND_ONE,/deltos/e/lesion_phes/code/python/pipeline/segmentors_backbones/DSC_0023_segment_1_segmented_smoothed.tif
22r/aleph/19.7/DSC_0012.NEF,1,22r/aleph/19.7,DSC_0012,1,FOUND_ONE,/deltos/e/lesion_phes/code/python/pipeline/segmentors_backbones/DSC_0012_segment_1_segmented_smoothed.tif
22r/aleph/19.7/DSC_0013.NEF,1,22r/aleph/19.7,DSC_0013,1,FOUND_ONE,/deltos/e/lesion_phes/code/python/pipeline/segmentors_backbones/DSC_0013_segment_1_segmented_smoothed.tif
22r/aleph/19.7/DSC_0011.NEF,1,22r/aleph/19.7,DSC_0011,1,FOUND_ONE,/deltos/e/lesion_phes/code/python/pipeline/segmentors_backbones/DSC_0011_segment_1_segmented_smoothed.tif
22r/aleph/19.7/DSC_0004.NEF,1,22r/aleph/19.7,DSC_0004,1,FOUND_ONE,/deltos/e/lesion_phes/code/python/pipeline/segmentors_backbones/DSC_0004_segment_1_segmented_smoothed.tif
22r/aleph/19.7/DSC_0010.NEF,1,22r/aleph/19.7,DSC_0010,1,FOUND_ONE,/deltos/e/lesion_phes/code/python/pipeline/segmentors_backbones/DSC_0010_segment_1_segmented_smoothed.tif
22r/aleph/19.7/DSC_0028.NEF,1,22r/aleph/19.7,DSC_0028,1,FOUND_ONE,/deltos/e/lesion_phes/code/python/pipeline/segmentors_backbones/DSC_0028_segment_1_segmented_smoothed.tif
22r/aleph/19.7/DSC_0014.NEF,1,22r/aleph/19.7,DSC_0014,1,FOUND_ONE,/deltos/e/lesion_phes/code/python/pipeline/segmentors_backbones/DSC_0014_segment_1_segmented_smoothed.tif
22r/aleph/19.7/DSC_0015.NEF,1,22r/aleph/19.7,DSC_0015,1,FOUND_ONE,/deltos/e/lesion_phes/code/python/pipeline/segmentors_backbones/DSC_0015_segment_1_segmented_smoothed.tif
22r/aleph/19.7/DSC_0003.NEF,1,22r/aleph/19.7,DSC_0003,1,FOUND_ONE,/deltos/e/lesion_phes/code/python/pipeline/segmentors_backbones/DSC_0003_segment_1_segmented_smoothed.tif
22r/aleph/19.7/DSC_0016.NEF,1,22r/aleph/19.7,DSC_0016,1,FOUND_ONE,/deltos/e/lesion_phes/code/python/pipeline/segmentors_backbones/DSC_0016_segment_1_segmented_smoothed.tif
22r/aleph/19.7/DSC_0065.NEF,1,22r/aleph/19.7,DSC_0065,1,FOUND_ONE,/deltos/e/lesion_phes/code/python/pipeline/segmentors_backbones/DSC_0065_segment_1_segmented_smoothed.tif
22r/aleph/19.7/DSC_0059.NEF,1,22r/aleph/19.7,DSC_0059,1,FOUND_ONE,/deltos/e/lesion_phes/code/python/pipeline/segmentors_backbones/DSC_0059_segment_1_segmented_smoothed.tif
22r/aleph/19.7/DSC_0058.NEF,1,22r/aleph/19.7,DSC_0058,1,FOUND_ONE,/deltos/e/lesion_phes/code/python/pipeline/segmentors_backbones/DSC_0058_segment_1_segmented_smoothed.tif
22r/aleph/19.7/DSC_0070.NEF,1,22r/aleph/19.7,DSC_0070,1,FOUND_ONE,/deltos/e/lesion_phes/code/python/pipeline/segmentors_backbones/DSC_0070_segment_1_segmented_smoothed.tif
22r/aleph/19.7/DSC_0064.NEF,1,22r/aleph/19.7,DSC_0064,1,FOUND_ONE,/deltos/e/lesion_phes/code/python/pipeline/segmentors_backbones/DSC_0064_segment_1_segmented_smoothed.tif
22r/aleph/19.7/DSC_0072.NEF,1,22r/aleph/19.7,DSC_0072,1,FOUND_ONE,/deltos/e/lesion_phes/code/python/pipeline/segmentors_backbones/DSC_0072_segment_1_segmented_smoothed.tif
22r/aleph/19.7/DSC_0066.NEF,1,22r/aleph/19.7,DSC_0066,1,FOUND_ONE,/deltos/e/lesion_phes/code/python/pipeline/segmentors_backbones/DSC_0066_segment_1_segmented_smoothed.tif
22r/aleph/19.7/DSC_0067.NEF,1,22r/aleph/19.7,DSC_0067,1,FOUND_ONE,/deltos/e/lesion_phes/code/python/pipeline/segmentors_backbones/DSC_0067_segment_1_segmented_smoothed.tif
22r/aleph/19.7/DSC_0062.NEF,1,22r/aleph/19.7,DSC_0062,1,FOUND_ONE,/deltos/e/lesion_phes/code/python/pipeline/segmentors_backbones/DSC_0062_segment_1_segmented_smoothed.tif
22r/aleph/19.7/DSC_0076.NEF,1,22r/aleph/19.7,DSC_0076,1,FOUND_ONE,/deltos/e/lesion_phes/code/python/pipeline/segmentors_backbones/DSC_0076_segment_1_segmented_smoothed.tif
22r/aleph/19.7/DSC_0089.NEF,1,22r/aleph/19.7,DSC_0089,1,FOUND_ONE,/deltos/e/lesion_phes/code/python/pipeline/segmentors_backbones/DSC_0089_segment_1_segmented_smoothed.tif
22r/aleph/19.7/DSC_0060.NEF,1,22r/aleph/19.7,DSC_0060,1,FOUND_ONE,/deltos/e/lesion_phes/code/python/pipeline/segmentors_backbones/DSC_0060_segment_1_segmented_smoothed.tif
22r/aleph/19.7/DSC_0075.NEF,1,22r/aleph/19.7,DSC_0075,1,FOUND_ONE,/deltos/e/lesion_phes/code/python/pipeline/segmentors_backbones/DSC_0075_segment_1_segmented_smoothed.tif
22r/aleph/19.7/DSC_0049.NEF,1,22r/aleph/19.7,DSC_0049,1,FOUND_ONE,/deltos/e/lesion_phes/code/python/pipeline/segmentors_backbones/DSC_0049_segment_1_segmented_smoothed.tif
22r/aleph/23.7/DSC_0252.NEF,1,22r/aleph/23.7,DSC_0252,1,FOUND_ONE,/deltos/e/lesion_phes/code/python/pipeline/segmentors_backbones/DSC_0252_segment_1_segmented_smoothed__1.tif
22r/aleph/23.7/DSC_0253.NEF,1,22r/aleph/23.7,DSC_0253,1,FOUND_ONE,/deltos/e/lesion_phes/code/python/pipeline/segmentors_backbones/DSC_0253_segment_1_segmented_smoothed.tif
22r/aleph/23.7/DSC_0251.NEF,1,22r/aleph/23.7,DSC_0251,1,FOUND_ONE,/deltos/e/lesion_phes/code/python/pipeline/segmentors_backbones/DSC_0251_segment_1_segmented_smoothed__1.tif
22r/aleph/23.7/DSC_0244.NEF,1,22r/aleph/23.7,DSC_0244,1,FOUND_ONE,/deltos/e/lesion_phes/code/python/pipeline/segmentors_backbones/DSC_0244_segment_1_segmented_smoothed.tif
22r/aleph/23.7/DSC_0250.NEF,1,22r/aleph/23.7,DSC_0250,1,FOUND_ONE,/deltos/e/lesion_phes/code/python/pipeline/segmentors_backbones/DSC_0250_segment_1_segmented_smoothed.tif
22r/aleph/23.7/DSC_0243.NEF,1,22r/aleph/23.7,DSC_0243,1,FOUND_ONE,/deltos/e/lesion_phes/code/python/pipeline/segmentors_backbones/DSC_0243_segment_1_segmented_smoothed__1.tif
22r/aleph/23.7/DSC_0257.NEF,1,22r/aleph/23.7,DSC_0257,1,FOUND_ONE,/deltos/e/lesion_phes/code/python/pipeline/segmentors_backbones/DSC_0257_segment_1_segmented_smoothed__1.tif
22r/aleph/23.7/DSC_0256.NEF,1,22r/aleph/23.7,DSC_0256,1,FOUND_ONE,/deltos/e/lesion_phes/code/python/pipeline/segmentors_backbones/DSC_0256_segment_1_segmented_smoothed__1.tif
22r/aleph/23.7/DSC_0242.NEF,1,22r/aleph/23.7,DSC_0242,1,FOUND_ONE,/deltos/e/lesion_phes/code/python/pipeline/segmentors_backbones/DSC_0242_segment_1_segmented_smoothed__1.tif
22r/aleph/23.7/DSC_0249.NEF,1,22r/aleph/23.7,DSC_0249,1,FOUND_ONE,/deltos/e/lesion_phes/code/python/pipeline/segmentors_backbones/DSC_0249_segment_1_segmented_smoothed.tif
22r/aleph/23.7/DSC_0261.NEF,1,22r/aleph/23.7,DSC_0261,1,FOUND_ONE,/deltos/e/lesion_phes/code/python/pipeline/segmentors_backbones/DSC_0261_segment_1_segmented_smoothed.tif
22r/aleph/23.7/DSC_0260.NEF,1,22r/aleph/23.7,DSC_0260,1,FOUND_ONE,/deltos/e/lesion_phes/code/python/pipeline/segmentors_backbones/DSC_0260_segment_1_segmented_smoothed__1.tif
22r/aleph/23.7/DSC_0248.NEF,1,22r/aleph/23.7,DSC_0248,1,FOUND_ONE,/deltos/e/lesion_phes/code/python/pipeline/segmentors_backbones/DSC_0248_segment_1_segmented_smoothed.tif
23r/aleph/8.8/DSC_0143.NEF,1,23r/aleph/8.8,DSC_0143,1,FOUND_ONE,/deltos/e/lesion_phes/code/python/pipeline/segmentors_backbones/DSC_0143_segment_1_segmented_smoothed.tif
